{"total_return_pct":-3.9161940584,"max_drawdown_pct":-192.3754686112,"num_trades":22.0,"win_rate":54.5454545455,"avg_win":2242.9027846545,"avg_loss":-3083.1027474236,"profit_factor":0.8729788016,"sharpe_ratio":-3.3997101378}